{"branches": 60.86956521739131, "coverage": 7.675438596491229}