{"branches": 97.82608695652173, "coverage": 99.67105263157895}